Activity,Satisfaction Percentage
Q9f 12,94.4066515495087
Q9f 7,94.10430839002267
Q9f 16,93.80196523053665
Q9f 5,93.34845049130763
Q9f 2,92.97052154195012
Q9f 1,92.7437641723356
Q9f 3,92.36583522297808
Q9f 8,92.06349206349206
Q9f 13,91.005291005291
Q9f 4,90.702947845805
Q9f 15,90.40060468631897
Q9f 9,85.63869992441421
Q9f 6,85.26077097505669
Q9f 10,82.46409674981103
Q9f 14,81.85941043083899
Q9f 11,75.88813303099018
